name.firstName,name.lastName,age,address.line1,address.line2,address.city,address.state,gender
Vivaan,Nair,36,1560 Brigade Road,Apt. 133,Kolkata,Maharashtra,male
Raj,Nair,57,7881 Park Street,Apt. 495,Pune,Maharashtra,male
Rohan,Verma,44,5519 Anna Salai,Apt. 546,Delhi,Telangana,male
Vikram,Nair,36,4797 MG Road,Apt. 848,Pune,West Bengal,male
Neha,Choudhary,79,8507 Camac Street,Apt. 111,Hyderabad,Gujarat,female
Ayaan,Reddy,36,3626 Anna Salai,Apt. 232,Chennai,Karnataka,male
Raj,Joshi,76,6660 Linking Road,Apt. 384,Delhi,Delhi,male
Isha,Choudhary,64,4396 Rajpath,Apt. 384,Bangalore,Karnataka,female
Kabir,Nair,53,4568 MG Road,Apt. 908,Pune,Gujarat,male
Meera,Sharma,76,863 Rajpath,Apt. 177,Hyderabad,Telangana,female
Meera,Mehta,12,9200 MG Road,Apt. 979,Delhi,Tamil Nadu,female
Rohan,Kapoor,57,3450 MG Road,Apt. 799,Ahmedabad,West Bengal,male
Kabir,Patel,52,6418 Park Street,Apt. 641,Pune,West Bengal,male
Arjun,Mehta,19,2234 Linking Road,Apt. 176,Chennai,Delhi,male
Kavya,Patel,36,7763 Camac Street,Apt. 791,Ahmedabad,Telangana,female
Ayaan,Patel,61,9130 Ring Road,Apt. 748,Bangalore,West Bengal,male
Vikram,Kapoor,68,3073 Ring Road,Apt. 566,Hyderabad,Gujarat,male
Raj,Iyer,75,3335 Anna Salai,Apt. 943,Pune,Tamil Nadu,male
Kabir,Mehta,31,7453 Anna Salai,Apt. 484,Chennai,Karnataka,male
Krishna,Nair,34,9184 Camac Street,Apt. 833,Ahmedabad,Karnataka,male
Pooja,Mehta,35,5010 Camac Street,Apt. 513,Hyderabad,Maharashtra,female
Saanvi,Patel,75,7485 Camac Street,Apt. 392,Mumbai,Telangana,female
Ananya,Iyer,23,8713 Rajpath,Apt. 532,Chennai,Gujarat,female
Arjun,Verma,66,9388 Linking Road,Apt. 821,Mumbai,Karnataka,male
Aditya,Kapoor,70,8611 MG Road,Apt. 163,Kolkata,West Bengal,male
Aarav,Joshi,63,33 Rajpath,Apt. 337,Kolkata,West Bengal,male
Raj,Sharma,71,7672 Anna Salai,Apt. 193,Mumbai,Delhi,male
Isha,Iyer,24,5428 Brigade Road,Apt. 742,Mumbai,Karnataka,female
Priya,Choudhary,60,6257 MG Road,Apt. 333,Pune,Tamil Nadu,female
Pooja,Sharma,25,3303 Linking Road,Apt. 364,Pune,West Bengal,female
Aditya,Sharma,65,32 Camac Street,Apt. 145,Pune,Gujarat,male
Krishna,Kapoor,32,164 MG Road,Apt. 666,Bangalore,Gujarat,male
Raj,Iyer,49,202 Ring Road,Apt. 183,Kolkata,Tamil Nadu,male
Neha,Reddy,31,576 Park Street,Apt. 258,Hyderabad,West Bengal,female
Saanvi,Joshi,37,2427 Camac Street,Apt. 438,Ahmedabad,Gujarat,female
Ayaan,Nair,61,9738 Ring Road,Apt. 147,Ahmedabad,Telangana,male
Kabir,Joshi,44,4821 Linking Road,Apt. 327,Delhi,West Bengal,male
Saanvi,Choudhary,13,8935 Rajpath,Apt. 774,Mumbai,Delhi,female
Neha,Sharma,41,7782 Ring Road,Apt. 310,Pune,Telangana,female
Kavya,Nair,60,5019 Anna Salai,Apt. 155,Hyderabad,Tamil Nadu,female
Kavya,Nair,15,9502 Park Street,Apt. 526,Pune,Maharashtra,female
Saanvi,Kapoor,67,7125 Linking Road,Apt. 418,Delhi,Tamil Nadu,female
Raj,Verma,72,2450 Linking Road,Apt. 708,Pune,Gujarat,male
Ananya,Verma,77,4123 Ring Road,Apt. 879,Kolkata,Telangana,female
Neha,Iyer,77,4808 Linking Road,Apt. 675,Kolkata,Gujarat,female
Pooja,Joshi,49,8968 Brigade Road,Apt. 485,Pune,West Bengal,female
Saanvi,Iyer,55,8917 MG Road,Apt. 271,Ahmedabad,Delhi,female
Meera,Nair,76,6244 Linking Road,Apt. 778,Hyderabad,West Bengal,female
Pooja,Joshi,62,4094 Camac Street,Apt. 937,Bangalore,Delhi,female
Kavya,Joshi,36,5543 Ring Road,Apt. 581,Hyderabad,Delhi,female
Vikram,Kapoor,59,6055 Anna Salai,Apt. 428,Pune,Gujarat,male
Ayaan,Sharma,62,8123 Rajpath,Apt. 100,Bangalore,Gujarat,male
Arjun,Sharma,32,225 Park Street,Apt. 963,Ahmedabad,Delhi,male
Aditya,Reddy,45,1217 MG Road,Apt. 656,Chennai,West Bengal,male
Riya,Sharma,21,4508 Camac Street,Apt. 448,Chennai,Telangana,female
Kabir,Choudhary,25,3279 Anna Salai,Apt. 809,Bangalore,Delhi,male
Kavya,Joshi,72,965 Rajpath,Apt. 520,Mumbai,West Bengal,female
Aarav,Patel,32,2999 Camac Street,Apt. 333,Bangalore,West Bengal,male
Ananya,Sharma,37,8546 Anna Salai,Apt. 702,Hyderabad,Gujarat,female
Priya,Joshi,31,5829 Ring Road,Apt. 716,Bangalore,Telangana,female
Riya,Joshi,48,2759 Anna Salai,Apt. 527,Chennai,Karnataka,female
Diya,Reddy,67,5208 Ring Road,Apt. 443,Mumbai,Delhi,female
Isha,Nair,15,4936 Ring Road,Apt. 928,Chennai,West Bengal,female
Aarav,Iyer,75,1414 Rajpath,Apt. 709,Hyderabad,Telangana,male
Priya,Mehta,61,2688 Brigade Road,Apt. 955,Delhi,Delhi,female
Kavya,Choudhary,64,2362 Brigade Road,Apt. 620,Chennai,Gujarat,female
Ananya,Kapoor,48,9157 Anna Salai,Apt. 481,Chennai,Delhi,female
Pooja,Patel,28,6376 Camac Street,Apt. 824,Hyderabad,Delhi,female
Arjun,Nair,45,2638 Ring Road,Apt. 764,Chennai,Gujarat,male
Riya,Nair,68,4884 Brigade Road,Apt. 395,Kolkata,Telangana,female
Neha,Verma,74,3256 Park Street,Apt. 887,Ahmedabad,Telangana,female
Vivaan,Choudhary,68,893 Park Street,Apt. 131,Bangalore,West Bengal,male
Saanvi,Joshi,74,8770 Park Street,Apt. 897,Pune,Delhi,female
Ananya,Choudhary,44,3819 MG Road,Apt. 587,Bangalore,Tamil Nadu,female
Neha,Iyer,16,5630 MG Road,Apt. 759,Delhi,Telangana,female
Aarav,Nair,77,396 Rajpath,Apt. 802,Ahmedabad,Telangana,male
Saanvi,Kapoor,46,7562 Rajpath,Apt. 798,Hyderabad,West Bengal,female
Meera,Reddy,65,5938 Anna Salai,Apt. 903,Mumbai,Maharashtra,female
Kabir,Nair,12,3295 Brigade Road,Apt. 954,Bangalore,Delhi,male
Priya,Kapoor,29,8629 Park Street,Apt. 916,Hyderabad,Gujarat,female
Pooja,Verma,55,7844 Park Street,Apt. 905,Kolkata,Tamil Nadu,female
Kabir,Nair,67,8039 Brigade Road,Apt. 482,Delhi,Telangana,male
Diya,Verma,75,4346 Camac Street,Apt. 328,Kolkata,Telangana,female
Riya,Choudhary,74,4823 Linking Road,Apt. 381,Ahmedabad,West Bengal,female
Ananya,Verma,45,4348 Linking Road,Apt. 881,Bangalore,Karnataka,female
Arjun,Sharma,68,6410 MG Road,Apt. 775,Ahmedabad,Karnataka,male
Vivaan,Nair,77,4000 Park Street,Apt. 866,Hyderabad,Delhi,male
Pooja,Patel,18,5913 Anna Salai,Apt. 137,Delhi,West Bengal,female
Neha,Kapoor,10,7808 Brigade Road,Apt. 532,Kolkata,Maharashtra,female
Riya,Kapoor,21,6279 Park Street,Apt. 265,Kolkata,Maharashtra,female
Priya,Verma,64,3925 Linking Road,Apt. 481,Ahmedabad,Telangana,female
Aditya,Reddy,50,958 Anna Salai,Apt. 392,Chennai,Maharashtra,male
Diya,Patel,31,8168 Park Street,Apt. 971,Hyderabad,Gujarat,female
Arjun,Mehta,75,2886 Park Street,Apt. 755,Kolkata,Maharashtra,male
Riya,Patel,41,7997 Camac Street,Apt. 851,Bangalore,Tamil Nadu,female
Rohan,Iyer,58,5366 MG Road,Apt. 171,Pune,Karnataka,male
Arjun,Reddy,79,9069 Camac Street,Apt. 470,Chennai,West Bengal,male
Ananya,Reddy,65,9245 Ring Road,Apt. 634,Chennai,Gujarat,female
Ananya,Joshi,22,9871 Park Street,Apt. 463,Delhi,Gujarat,female
Saanvi,Kapoor,31,5995 Linking Road,Apt. 288,Mumbai,Gujarat,female
